{"train/global_step":6070,"_runtime":1227.977477437,"_timestamp":1.7364332100025105e+09,"_step":12,"train/learning_rate":5.766062602965404e-07,"train/train_steps_per_second":4.94,"train/train_samples_per_second":157.973,"train/total_flos":9.60948747080274e+15,"train/train_runtime":1228.7535,"train/epoch":10,"train/train_loss":0.08687409572978388,"_wandb":{"runtime":1228},"train/loss":0.0309}