{"_wandb":{"runtime":1233},"train/total_flos":9.975372385396968e+15,"_step":12,"train/loss":1.0139,"train/epoch":10,"train/global_step":6070,"train/train_runtime":1233.4073,"train/train_steps_per_second":4.921,"train/learning_rate":5.766062602965404e-07,"train/train_samples_per_second":157.377,"_timestamp":1.7364338378780353e+09,"_runtime":1232.666450012,"train/train_loss":1.081633870409191}