{"train/train_runtime":1262.8629,"train/train_loss":0.16386577843441405,"train/epoch":10,"_wandb":{"runtime":1263},"_step":12,"train/train_steps_per_second":4.807,"train/learning_rate":5.766062602965404e-07,"train/total_flos":9.975372385396968e+15,"_timestamp":1.7364304786594203e+09,"train/loss":0.0672,"train/global_step":6070,"_runtime":1262.105821239,"train/train_samples_per_second":153.706}