{"train/train_loss":0.17023932827756275,"_runtime":1261.511686608,"train/total_flos":9.975372385396968e+15,"_timestamp":1.7364278972865427e+09,"train/train_runtime":1262.2761,"train/epoch":10,"_wandb":{"runtime":1262},"train/learning_rate":5.766062602965404e-07,"train/train_samples_per_second":153.778,"train/train_steps_per_second":4.809,"train/loss":0.07,"train/global_step":6070,"_step":12}