{"train/train_runtime":1368.4471,"_timestamp":1.7364307223453345e+09,"train/learning_rate":5.766062602965404e-07,"train/train_steps_per_second":4.436,"train/total_flos":9.975372385396968e+15,"_wandb":{"runtime":1368},"train/train_loss":0.14449040603009244,"_step":12,"train/loss":0.0582,"train/epoch":10,"_runtime":1367.681684778,"train/global_step":6070,"train/train_samples_per_second":141.847}