{"train/global_step":6070,"_runtime":1228.029905782,"train/learning_rate":5.766062602965404e-07,"_step":12,"train/train_runtime":1228.773,"train/total_flos":9.975372385396968e+15,"_wandb":{"runtime":1228},"_timestamp":1.7364304901234353e+09,"train/epoch":10,"train/loss":0.0646,"train/train_steps_per_second":4.94,"train/train_loss":0.15775008665081697,"train/train_samples_per_second":157.971}