{"train/train_runtime":1356.9003,"train/train_steps_per_second":4.473,"_step":12,"_wandb":{"runtime":1357},"_timestamp":1.7364306700023177e+09,"train/total_flos":9.975372385396968e+15,"_runtime":1356.100556621,"train/loss":0.0612,"train/train_samples_per_second":143.054,"train/train_loss":0.15106474461626182,"train/learning_rate":5.766062602965404e-07,"train/epoch":10,"train/global_step":6070}